key,HEP:ESPAR,HPOP:FUEL,HPOP:HPOP_SANITATION,HEP:DETECT_RESPOND,HPOP:PM25,HEP:PREVENT,UHC:ART,HPOP:WATER,HPOP:ADULT_OBESE,UHC:POPULATION,HPOP:HPOP_TOBACCO,UHC:ESPAR,UHC:FH,UHC:HWF
HEP:ESPAR,1.0,0.14793473323517486,0.17118227561506824,0.19989487488777066,0.036439554280697437,0.11677881966316873,0.1299018912952209,0.005824428124412326,-0.21090853209561627,0.2217124421001868,0.11831998562834978,0.9892148999395166,-0.07249956342648987,0.21206085619149503
HPOP:FUEL,0.14793473323517486,1.0,0.16380814054952736,0.35798265258295087,-0.027779963688848733,0.11053628767444812,0.337277561849709,0.2722012003305606,-0.4397851824208407,0.43067334059866486,0.19921879178002666,0.13424636443590665,0.10359877204823137,0.25158356783600344
HPOP:HPOP_SANITATION,0.17118227561506824,0.16380814054952736,1.0,0.5104698005827089,0.22254618353310088,0.032830455403635786,0.46483456176289745,0.2919124635713345,-0.45689478200984857,0.398803479606027,0.39924963367080657,0.167379075377384,-0.05828752606112763,0.14426507324011661
HEP:DETECT_RESPOND,0.19989487488777066,0.35798265258295087,0.5104698005827089,1.0,0.3154148786669986,-0.08432210056590471,0.9005051262472272,0.31526420123800486,-0.8421873096686557,0.7243102811051005,0.6779798813256364,0.2011804411935019,-0.09103448173408958,0.31964076844725914
HPOP:PM25,0.036439554280697437,-0.027779963688848733,0.22254618353310088,0.3154148786669986,1.0,-0.0008587641192737075,0.3007112539188817,0.14030809547642345,-0.266370660003663,0.056518184022056675,0.34394595427212854,0.051466699866752036,-0.24702287767842887,0.16107022432690238
HEP:PREVENT,0.11677881966316873,0.11053628767444812,0.032830455403635786,-0.08432210056590471,-0.0008587641192737075,1.0,-0.1170540692681604,-0.050890218264952394,0.1576075232698597,-0.01087795277208236,-0.09746604708436873,0.09588577857272511,0.09173012902861766,0.021740613441571712
UHC:ART,0.1299018912952209,0.337277561849709,0.46483456176289745,0.9005051262472272,0.3007112539188817,-0.1170540692681604,1.0,0.2865344374350758,-0.7943283742767429,0.6608563809461198,0.6152490202443672,0.13833997129509013,-0.1128763057141071,0.35969361275563577
HPOP:WATER,0.005824428124412326,0.2722012003305606,0.2919124635713345,0.31526420123800486,0.14030809547642345,-0.050890218264952394,0.2865344374350758,1.0,-0.30554331728678596,0.31223797247551627,0.25756506945966146,-0.00982353928016444,-0.1745378781315458,0.19150127619542187
HPOP:ADULT_OBESE,-0.21090853209561627,-0.4397851824208407,-0.45689478200984857,-0.8421873096686557,-0.266370660003663,0.1576075232698597,-0.7943283742767429,-0.30554331728678596,1.0,-0.6864067445472117,-0.6069287865056663,-0.2164588647539906,0.05980626406028232,-0.3191942183675639
UHC:POPULATION,0.2217124421001868,0.43067334059866486,0.398803479606027,0.7243102811051005,0.056518184022056675,-0.01087795277208236,0.6608563809461198,0.31223797247551627,-0.6864067445472117,1.0,0.4680238829171624,0.20410818131354885,0.01292750293173615,0.2915352732880357
HPOP:HPOP_TOBACCO,0.11831998562834978,0.19921879178002666,0.39924963367080657,0.6779798813256364,0.34394595427212854,-0.09746604708436873,0.6152490202443672,0.25756506945966146,-0.6069287865056663,0.4680238829171624,1.0,0.11650409788531456,-0.18155030964505067,0.22687220914336656
UHC:ESPAR,0.9892148999395166,0.13424636443590665,0.167379075377384,0.2011804411935019,0.051466699866752036,0.09588577857272511,0.13833997129509013,-0.00982353928016444,-0.2164588647539906,0.20410818131354885,0.11650409788531456,1.0,-0.0793072347944598,0.2226398185476023
UHC:FH,-0.07249956342648987,0.10359877204823137,-0.05828752606112763,-0.09103448173408958,-0.24702287767842887,0.09173012902861766,-0.1128763057141071,-0.1745378781315458,0.05980626406028232,0.01292750293173615,-0.18155030964505067,-0.0793072347944598,1.0,-0.11298842126673453
UHC:HWF,0.21206085619149503,0.25158356783600344,0.14426507324011661,0.31964076844725914,0.16107022432690238,0.021740613441571712,0.35969361275563577,0.19150127619542187,-0.3191942183675639,0.2915352732880357,0.22687220914336656,0.2226398185476023,-0.11298842126673453,1.0
